Store_ID,Total_Revenue,Avg_Daily_Sales,Volatility,Total_Units,Avg_Rating,Avg_Discount,Cluster,Segment
STR_101,5169675266.9145,571929.999658646,496711.92630667763,226670,4.250182542316628,10.091824316849209,2,⚠️ Underperformers
STR_102,5186276605.8725,565323.3710347178,496046.68931881397,228384,4.250981033355134,9.99836494440811,2,⚠️ Underperformers
STR_103,5223064263.8365,569395.428304426,495651.7236208565,229475,4.250714052109452,9.968930557069662,0,🌟 High Performers
STR_104,5165937477.752,562370.724771609,492433.0640789909,228580,4.250500762029175,10.113760069671239,2,⚠️ Underperformers
STR_105,5161898681.9205,557801.8891204344,490160.26778842567,227715,4.245418197536201,10.076723578992867,1,📈 Growing Stores
STR_106,5040776297.478,559216.3631548702,491778.4714040157,223084,4.2494674950077655,9.944530729975593,3,🔄 Seasonal Stores
STR_107,5107832301.7265,559088.4743571037,492080.75828947686,229403,4.2481720665499125,9.95183887915937,1,📈 Growing Stores
STR_108,5078321969.5415,562757.3104545102,496292.82846857124,223994,4.249977836879433,9.935172872340425,3,🔄 Seasonal Stores
